Certification,Certification,,,,,,,Certification,,,,,,
SUPPLIER C OF C,SUPPLIER C OF C,,,,,,,SUPPLIER C OF C,,,,,,
OEM C OF C,OEM C OF C,,,,,,,OEM C OF C,,,,,,
BII C OF C,BII C OF C,,,,,,,BII C OF C,,,,,,
EASA FORM ONE,EASA FORM ONE,,,,,,,EASA FORM ONE,,,,,,
JAA FORM 1,JAA FORM 1,,,,,,,JAA FORM 1,,,,,,
FAA FORM 8130-3,FAA FORM 8130-3,,,,,,,FAA FORM 8130-3,,,,,,
C OF C,C OF C,,,,,,,C OF C,,,,,,
8130-3 DUAL RELEASE,8130-3 DUAL RELEASE,,,,,,,8130-3 DUAL RELEASE,,,,,,
MFG CERTS,MFG CERTS,,,,,,,MFG CERTS,,,,,,
GSE - NO CERT,GSE - NO CERT,,,,,,,GSE - NO CERT,,,,,,
FAA/EASA DUAL REL,FAA/EASA DUAL REL,,,,,,,FAA/EASA DUAL REL,,,,,,
DUAL EASA FORM ONE,DUAL EASA FORM ONE,,,,,,,DUAL EASA FORM ONE,,,,,,
OEM 8130-3,OEM 8130-3,,,,,,,OEM 8130-3,,,,,,
FAA 8130-3,FAA 8130-3,,,,,,,FAA 8130-3,,,,,,
8130-3 EASA,8130-3 EASA,,,,,,,8130-3 EASA,,,,,,
OEM,OEM,,,,,,,OEM,,,,,,
TCCA,TCCA,,,,,,,TCCA,,,,,,
AIRLINE MATERIAL CERT,AIRLINE MATERIAL CERT,,,,,,,AIRLINE MATERIAL CERT,,,,,,
TCCA DUAL,TCCA DUAL,,,,,,,TCCA DUAL,,,,,,
EASA FORM 1 / FAR,EASA FORM 1 / FAR,,,,,,,EASA FORM 1 / FAR,,,,,,
EASA/FAA/TCCA,EASA/FAA/TCCA,,,,,,,EASA/FAA/TCCA,,,,,,
EASA/TCCA DUAL,EASA/TCCA DUAL,,,,,,,EASA/TCCA DUAL,,,,,,
DAR 8130-3,DAR 8130-3,,,,,,,DAR 8130-3,,,,,,
DUAL EASA /FAA,DUAL EASA /FAA,,,,,,,DUAL EASA /FAA,,,,,,
NO CERTICIATION,NO CERTICIATION,,,,,,,NO CERTICIATION,,,,,,
DUAL FAA 8130-3,DUAL FAA 8130-3,,,,,,,DUAL FAA 8130-3,,,,,,
TRI RELEASE EASA/FAA/CAAC,TRI RELEASE EASA/FAA/CAAC,,,,,,,TRI RELEASE EASA/FAA/CAAC,,,,,,
CAAC,CAAC,,,,,,,CAAC,,,,,,
8130-4,8130-4,,,,,,,8130-4,,,,,,
EASA FORM ONE OEM,EASA FORM ONE OEM,,,,,,,EASA FORM ONE OEM,,,,,,
EASA/TCCA DUAL,EASA/TCCA DUAL,,,,,,,EASA/TCCA DUAL,,,,,,
TRIPLE RELEASE,TRIPLE RELEASE,,,,,,,TRIPLE RELEASE,,,,,,
AIRLINE SV TAG,AIRLINE SV TAG,,,,,,,AIRLINE SV TAG,,,,,,
MATERIAL CERT,MATERIAL CERT,,,,,,,MATERIAL CERT,,,,,,
JAA FORM 1,JAA FORM 1,,,,,,,JAA FORM 1,,,,,,
NEW CERTS,NEW CERTS,,,,,,,NEW CERTS,,,,,,
OEM/SUPPLIER,OEM/SUPPLIER,,,,,,,OEM/SUPPLIER,,,,,,
,,,,,,,,,,,,,,
,,,,,,,,,,,,,,
,,,,,,,,,,,,,,
,,,,,,,,,,,,,,
,,,,,,,,,,,,,,
,,,,,,,,,,,,,,
,,,,,,,,,,,,,,
,,,,,,,,,,,,,,
,,,,,,,,,,,,,,
,,,,,,,,,,,,,,
,,,,,,,,,,,,,,
,,,,,,,,,,,,,,
,,,,,,,,,,,,,,
,,,,,,,,,,,,,,
,,,,,,,,,,,,,,
,,,,,,,,,,,,,,
,,,,,,,,,,,,,,
,,,,,,,,,,,,,,
,,,,,,,,,,,,,,
,,,,,,,,,,,,,,
,,,,,,,,,,,,,,
,,,,,,,,,,,,,,
,,,,,,,,,,,,,,
,,,,,,,,,,,,,,
,,,,,,,,,,,,,,
,,,,,,,,,,,,,,
,,,,,,,,,,,,,,
,,,,,,,,,,,,,,
,,,,,,,,,,,,,,
,,,,,,,,,,,,,,
,,,,,,,,,,,,,,
,,,,,,,,,,,,,,
,,,,,,,,,,,,,,
,,,,,,,,,,,,,,
,,,,,,,,,,,,,,
,,,,,,,,,,,,,,
,,,,,,,,,,,,,,
,,,,,,,,,,,,,,
,,,,,,,,,,,,,,
,,,,,,,,,,,,,,
,,,,,,,,,,,,,,
,,,,,,,,,,,,,,
,,,,,,,,,,,,,,
,,,,,,,,,,,,,,
,,,,,,,,,,,,,,
,,,,,,,,,,,,,,
,,,,,,,,,,,,,,
,,,,,,,,,,,,,,
,,,,,,,,,,,,,,
,,,,,,,,,,,,,,
,,,,,,,,,,,,,,
,,,,,,,,,,,,,,
,,,,,,,,,,,,,,
,,,,,,,,,,,,,,
,,,,,,,,,,,,,,
,,,,,,,,,,,,,,
,,,,,,,,,,,,,,
,,,,,,,,,,,,,,
,,,,,,,,,,,,,,
,,,,,,,,,,,,,,
,,,,,,,,,,,,,,
,,,,,,,,,,,,,,
,,,,,,,,,,,,,,
,,,,,,,,,,,,,,
,,,,,,,,,,,,,,
,,,,,,,,,,,,,,
,,,,,,,,,,,,,,
,,,,,,,,,,,,,,
,,,,,,,,,,,,,,
,,,,,,,,,,,,,,
,,,,,,,,,,,,,,
,,,,,,,,,,,,,,
,,,,,,,,,,,,,,
,,,,,,,,,,,,,,
,,,,,,,,,,,,,,
,,,,,,,,,,,,,,
,,,,,,,,,,,,,,
,,,,,,,,,,,,,,
,,,,,,,,,,,,,,
,,,,,,,,,,,,,,
,,,,,,,,,,,,,,
,,,,,,,,,,,,,,
,,,,,,,,,,,,,,
,,,,,,,,,,,,,,
,,,,,,,,,,,,,,
,,,,,,,,,,,,,,
,,,,,,,,,,,,,,
,,,,,,,,,,,,,,
,,,,,,,,,,,,,,
,,,,,,,,,,,,,,
,,,,,,,,,,,,,,
,,,,,,,,,,,,,,
,,,,,,,,,,,,,,
,,,,,,,,,,,,,,
,,,,,,,,,,,,,,
,,,,,,,,,,,,,,
,,,,,,,,,,,,,,
,,,,,,,,,,,,,,
,,,,,,,,,,,,,,
,,,,,,,,,,,,,,
,,,,,,,,,,,,,,
,,,,,,,,,,,,,,
,,,,,,,,,,,,,,
,,,,,,,,,,,,,,
,,,,,,,,,,,,,,
,,,,,,,,,,,,,,
,,,,,,,,,,,,,,
,,,,,,,,,,,,,,
,,,,,,,,,,,,,,
,,,,,,,,,,,,,,
,,,,,,,,,,,,,,
,,,,,,,,,,,,,,
,,,,,,,,,,,,,,
,,,,,,,,,,,,,,
,,,,,,,,,,,,,,
,,,,,,,,,,,,,,
,,,,,,,,,,,,,,
,,,,,,,,,,,,,,
,,,,,,,,,,,,,,
,,,,,,,,,,,,,,
,,,,,,,,,,,,,,
,,,,,,,,,,,,,,
,,,,,,,,,,,,,,
,,,,,,,,,,,,,,
,,,,,,,,,,,,,,
,,,,,,,,,,,,,,
,,,,,,,,,,,,,,
,,,,,,,,,,,,,,
,,,,,,,,,,,,,,
,,,,,,,,,,,,,,
,,,,,,,,,,,,,,
,,,,,,,,,,,,,,
,,,,,,,,,,,,,,
,,,,,,,,,,,,,,
,,,,,,,,,,,,,,
,,,,,,,,,,,,,,
,,,,,,,,,,,,,,
,,,,,,,,,,,,,,
,,,,,,,,,,,,,,
,,,,,,,,,,,,,,
,,,,,,,,,,,,,,
,,,,,,,,,,,,,,
,,,,,,,,,,,,,,
,,,,,,,,,,,,,,
,,,,,,,,,,,,,,
,,,,,,,,,,,,,,
,,,,,,,,,,,,,,
,,,,,,,,,,,,,,
,,,,,,,,,,,,,,
,,,,,,,,,,,,,,
,,,,,,,,,,,,,,
,,,,,,,,,,,,,,
,,,,,,,,,,,,,,
,,,,,,,,,,,,,,
,,,,,,,,,,,,,,
,,,,,,,,,,,,,,
,,,,,,,,,,,,,,
,,,,,,,,,,,,,,
,,,,,,,,,,,,,,
,,,,,,,,,,,,,,
,,,,,,,,,,,,,,
,,,,,,,,,,,,,,
,,,,,,,,,,,,,,